-- POPOLAMENTO TABELLA DIPENDENTI
INSERT INTO TESTAUTOMATICI.DIPENDENTI (MATRICOLA, NOME, COGNOME) VALUES ('AAA', 'Pino', 'Philip');
INSERT INTO TESTAUTOMATICI.DIPENDENTI (MATRICOLA, NOME, COGNOME) VALUES ('BBB', 'Rosa', 'Foglio');
INSERT INTO TESTAUTOMATICI.DIPENDENTI (MATRICOLA, NOME, COGNOME) VALUES ('CCC', 'Guido', 'Male');

-- POPOLAMENTO TABELLA STIPENDI
INSERT INTO TESTAUTOMATICI.STIPENDI (MATRICOLA, IMPORTO, DATA_INIZIO, DATA_FINE) VALUES ('AAA', 100,   '2001-01-01', '2002-01-01');
INSERT INTO TESTAUTOMATICI.STIPENDI (MATRICOLA, IMPORTO, DATA_INIZIO, DATA_FINE) VALUES ('AAA', 200,   '2002-01-02', '9999-12-31');
INSERT INTO TESTAUTOMATICI.STIPENDI (MATRICOLA, IMPORTO, DATA_INIZIO, DATA_FINE) VALUES ('BBB', 1000,  '2010-10-10', '9999-12-31');
INSERT INTO TESTAUTOMATICI.STIPENDI (MATRICOLA, IMPORTO, DATA_INIZIO, DATA_FINE) VALUES ('CCC', 10000, '2000-01-01', '2010-10-09');
INSERT INTO TESTAUTOMATICI.STIPENDI (MATRICOLA, IMPORTO, DATA_INIZIO, DATA_FINE) VALUES ('CCC', 20000, '2010-10-10', '2012-12-11');
INSERT INTO TESTAUTOMATICI.STIPENDI (MATRICOLA, IMPORTO, DATA_INIZIO, DATA_FINE) VALUES ('CCC', 30000, '2012-12-12', '9999-12-31');

-- POPOLAMENTO TABELLA ASSENZE
INSERT INTO TESTAUTOMATICI.ASSENZE (MATRICOLA, DATA_ASSENZA) VALUES ('AAA', '2005-01-01');
INSERT INTO TESTAUTOMATICI.ASSENZE (MATRICOLA, DATA_ASSENZA) VALUES ('AAA', '2005-01-02');
INSERT INTO TESTAUTOMATICI.ASSENZE (MATRICOLA, DATA_ASSENZA) VALUES ('BBB', '2015-01-01');
INSERT INTO TESTAUTOMATICI.ASSENZE (MATRICOLA, DATA_ASSENZA) VALUES ('CCC', '2003-03-03');
INSERT INTO TESTAUTOMATICI.ASSENZE (MATRICOLA, DATA_ASSENZA) VALUES ('CCC', '2003-03-04');
INSERT INTO TESTAUTOMATICI.ASSENZE (MATRICOLA, DATA_ASSENZA) VALUES ('CCC', '2003-03-05');
